From,To,Distance
Sunny Beach,Peaceful Meadow,9.6
Magnificent Volcano,Glorious Forest,0.7
Captivating Valley,Radiant Island,6.1
Sunny Mountain,Fascinating Rock,3.4
Radiant Rainforest,Dazzling City,7.6
Glorious Forest,Serene Forest,2.7
Stunning Museum,Captivating City,3.9
Relaxing Canyon,Unforgettable Forest,5.5
Exotic Park,Incredible Rainforest,5.3
Serene Canyon,Magnificent Meadow,3.1
Regal Glacier,Spectacular Meadow,1.4
Relaxing Forest,Adventurous Glacier,0.1
Glorious Hill,Exotic Volcano,5.6
Mysterious Desert,Sunny Jungle,3.7
Majestic Beach,Stunning Sea,0.5
Majestic City,Sunny Jungle,2.8
Incredible River,Charming River,1.6
Relaxing Plateau,Stunning Mountain,2.5
Captivating River,Sunny Beach,6.9
Magnificent Hill,Legendary Desert,5.4
Tranquil City,Incredible Peak,4.6
Mysterious Forest,Fascinating Waterfall,3.5
Sunny Hill,Radiant City,8.9
Charming Sea,Spectacular Glacier,5.8
Peaceful Canyon,Spectacular City,1.1
Mysterious Gorge,Exotic Park,8.5
Radiant River,Glorious City,2.3
Picturesque Jungle,Enchanting Rock,4.4
Regal Park,Unforgettable City,1.8
Spectacular Island,Incredible Island,6.4
Glorious Lake,Majestic Mountain,5.7
Picturesque Hill,Fascinating Sea,9.6
Majestic River,Mysterious Mountain,6.9
Enchanting Sea,Legendary Park,3.6
Mysterious City,Serene Rainforest,8.2
Relaxing Canyon,Legendary Mountain,1.2
Relaxing Rainforest,Sunny Canyon,3.6
Regal Hill,Sunny Waterfall,2.8
Adventurous River,Serene Lake,7.8
Enchanting Valley,Legendary Ocean,0.1
Spectacular Gorge,Radiant Volcano,9.4
Unforgettable Canyon,Peaceful Peak,5.6
Picturesque Park,Incredible Desert,7.1
Magnificent Park,Spectacular Forest,1.7
Serene City,Sunny Glacier,2.7
Stunning Volcano,Peaceful Glacier,0.3
Magnificent Forest,Tranquil Jungle,1.4
Captivating Forest,Incredible Sea,9.5
Radiant Gorge,Thrilling Desert,0.9
Stunning Gorge,Relaxing Park,2.9
Peaceful River,Enchanting Island,1.8
Captivating River,Dazzling Ocean,2.7
Mysterious Jungle,Radiant Peak,8.4
Charming Forest,Mysterious Glacier,9.8
Dazzling Rainforest,Magnificent Volcano,7.4
Legendary Park,Peaceful Forest,8.7
Majestic Ocean,Captivating Mountain,3.6
Adventurous Peak,Incredible Peak,5.4
Mysterious Sea,Magnificent Museum,9.8
Adventurous Sea,Stunning Valley,3.2
Unforgettable Rock,Mysterious Valley,5.6
Captivating Sea,Adventurous Desert,6.1
Radiant Island,Legendary Ocean,6.8
Stunning Volcano,Dazzling Island,3.8
Enchanting Jungle,Picturesque Park,5.7
Radiant Glacier,Regal Jungle,1.1
Radiant Ocean,Thrilling Peak,2.8
Serene Desert,Relaxing Park,2.9
Glorious Rock,Exotic Canyon,3.7
Charming Desert,Peaceful Jungle,1.1
Mysterious Park,Thrilling Hill,2.6
Incredible Ocean,Mysterious Plateau,4.9
Adventurous Hill,Relaxing Beach,1.2
Serene Hill,Regal Desert,6.2
Mysterious River,Regal Glacier,6.6
Picturesque Valley,Serene Glacier,7.2
Mysterious Plateau,Adventurous Plateau,1.3
Magnificent Rock,Unforgettable Rock,8.7
Unforgettable Plateau,Peaceful Hill,4.3
Fascinating Peak,Majestic Rainforest,9.2
Adventurous Meadow,Exotic Peak,5.4
Serene Plateau,Legendary Gorge,2.6
Stunning Valley,Spectacular Glacier,0.1
Exotic Rock,Incredible City,5.1
Glorious Museum,Exotic Beach,8.8
Incredible Hill,Sunny Lake,8.3
Thrilling Canyon,Majestic Mountain,3.7
Magnificent Volcano,Radiant Rock,4.8
Thrilling Canyon,Picturesque Rock,8.8
Peaceful Valley,Majestic Sea,0.4
Stunning Peak,Relaxing Glacier,8.8
Spectacular Jungle,Incredible Forest,3.5
Legendary City,Peaceful Plateau,6.1
Spectacular Jungle,Magnificent Mountain,8.4
Spectacular Beach,Captivating Island,3.3
Majestic Peak,Glorious Hill,2.4
Glorious Rock,Spectacular Glacier,2.3
Relaxing Hill,Majestic Hill,3.5
Legendary Beach,Adventurous City,8.7
Magnificent Park,Picturesque Jungle,4.5
Tranquil Meadow,Thrilling Desert,2.8
Charming Valley,Relaxing Museum,2.7
Exotic City,Incredible Sea,8.5
Regal Park,Dazzling Mountain,9.2
Magnificent River,Charming Waterfall,1.4
Thrilling Waterfall,Serene Volcano,9.8
Glorious Sea,Enchanting Sea,0.4
Majestic Rainforest,Picturesque Peak,8.4
Mysterious Plateau,Stunning Volcano,8.7
Sunny Glacier,Sunny Jungle,9.1
Exotic Park,Adventurous Rock,1.9
Regal River,Charming Gorge,5.3
Radiant Gorge,Unforgettable Peak,1.1
Mysterious Desert,Fascinating River,1.5
Majestic Ocean,Dazzling Island,9.4
Radiant Museum,Glorious Park,8.9
Fascinating City,Mysterious Beach,9.5
Majestic Ocean,Magnificent Jungle,4.7
Dazzling Valley,Charming River,5.6
Adventurous Park,Picturesque Ocean,5.9
Stunning Mountain,Tranquil Rock,9.6
Stunning Glacier,Thrilling City,6.9
Legendary Plateau,Glorious Island,7.3
Unforgettable Lake,Majestic River,2.6
Enchanting Canyon,Dazzling Glacier,9.4
Dazzling Sea,Dazzling Meadow,3.7
Peaceful Glacier,Dazzling Jungle,9.9
Thrilling Peak,Serene Forest,5.5
Dazzling Desert,Relaxing Plateau,7.4
Mysterious Waterfall,Exotic Plateau,7.2
Fascinating Rock,Peaceful Forest,1.3
Tranquil Desert,Enchanting Hill,3.2
Adventurous Waterfall,Charming Hill,2.3
Tranquil Peak,Glorious Park,9.9
Exotic Lake,Magnificent Meadow,2.4
Enchanting Gorge,Thrilling Forest,3.2
Regal Island,Mysterious City,1.6
Incredible Lake,Stunning Meadow,4.9
Thrilling Rainforest,Serene Plateau,6.8
Unforgettable Ocean,Sunny Hill,3.6
Regal Museum,Relaxing Meadow,5.6
Tranquil Rainforest,Spectacular Volcano,8.5
Relaxing Sea,Radiant Waterfall,9.9
Fascinating Mountain,Exotic Lake,0.1
Exotic Waterfall,Adventurous Volcano,7.8
Majestic Peak,Stunning River,6.8
Serene Plateau,Unforgettable Park,4.2
Sunny Park,Fascinating Island,5.6
Charming Mountain,Unforgettable Lake,2.5
Fascinating Mountain,Dazzling Canyon,7.9
Thrilling Jungle,Enchanting Gorge,2.9
Tranquil Beach,Majestic Plateau,8.8
Dazzling Park,Spectacular Rock,7.8
Regal Sea,Unforgettable Waterfall,6.6
Tranquil Plateau,Dazzling Island,3.4
Charming Valley,Exotic City,7.3
Magnificent Hill,Mysterious Volcano,4.6
Glorious Gorge,Thrilling Jungle,0.3
Regal Forest,Fascinating Mountain,3.5
Captivating Valley,Spectacular Lake,9.8
Incredible Sea,Unforgettable Meadow,5.4
Captivating Ocean,Unforgettable Beach,5.3
Peaceful Plateau,Radiant City,2.5
Spectacular Canyon,Spectacular Rock,5.1
Mysterious Hill,Regal Valley,9.5
Relaxing Park,Dazzling Waterfall,4.6
Mysterious Gorge,Tranquil Meadow,1.8
Unforgettable Hill,Incredible Lake,6.7
Peaceful Volcano,Sunny Jungle,2.4
Regal Plateau,Exotic Island,8.9
Regal Lake,Spectacular Waterfall,0.1
Charming Ocean,Spectacular Valley,2.5
Sunny River,Captivating Beach,1.3
Fascinating Rainforest,Glorious Park,7.5
Adventurous Valley,Dazzling Park,0.5
Picturesque River,Majestic Waterfall,2.8
Fascinating Sea,Regal Volcano,9.2
Regal Desert,Radiant Forest,0.5
Regal City,Charming Lake,0.4
Enchanting Sea,Relaxing Meadow,2.4
Charming Meadow,Picturesque Beach,2.8
Dazzling Rock,Magnificent Peak,0.8
Dazzling Peak,Stunning Desert,5.8
Exotic Lake,Spectacular Hill,2.4
Peaceful Peak,Dazzling Sea,5.2
Thrilling Glacier,Serene Peak,6.3
Exotic Peak,Relaxing Waterfall,5.8
Spectacular Jungle,Captivating Waterfall,7.6
Dazzling Meadow,Spectacular Museum,1.5
Picturesque Desert,Serene Mountain,3.2
Enchanting Valley,Picturesque Lake,2.3
Sunny River,Stunning Valley,5.8
Sunny Gorge,Mysterious Mountain,4.2
Thrilling Forest,Unforgettable City,5.7
Charming Forest,Magnificent Valley,5.3
Charming Ocean,Stunning Glacier,7.2
Enchanting Desert,Serene Valley,5.8
Thrilling Peak,Legendary Valley,6.1
Magnificent Volcano,Radiant Museum,7.9
Picturesque River,Relaxing Jungle,9.7
Fascinating Lake,Sunny Sea,1.3
Mysterious Plateau,Unforgettable Volcano,4.8
Captivating Beach,Captivating Park,5.5
Regal River,Glorious Hill,4.1
Enchanting Meadow,Tranquil Waterfall,3.2
Stunning Rainforest,Charming Rock,3.9
Glorious Canyon,Tranquil Jungle,7.4
Charming Peak,Unforgettable Park,7.3
Stunning Beach,Serene Beach,7.7
Glorious Island,Relaxing Sea,4.1
Radiant Ocean,Exotic Hill,3.8
Thrilling Waterfall,Relaxing Forest,4.5
Stunning Museum,Glorious Beach,3.4
Serene Hill,Stunning Jungle,4.8
Serene Desert,Adventurous Ocean,3.1
Majestic Peak,Spectacular Meadow,3.1
Serene Rainforest,Legendary Waterfall,4.3
Unforgettable Rainforest,Incredible Hill,0.5
Tranquil Rainforest,Thrilling Sea,7.7
Tranquil Mountain,Thrilling Forest,3.1
Tranquil Glacier,Unforgettable Park,7.9
Regal Lake,Regal Meadow,4.5
Mysterious Meadow,Exotic Desert,0.1
Sunny Mountain,Magnificent Sea,5.7
Relaxing Desert,Adventurous River,0.3
Regal Volcano,Incredible Rainforest,2.5
Spectacular Valley,Relaxing Forest,6.6
Enchanting Canyon,Enchanting Rainforest,9.9
Radiant Rainforest,Unforgettable Canyon,5.4
Incredible Park,Picturesque Plateau,3.8
Glorious Lake,Exotic Beach,1.7
Relaxing Gorge,Unforgettable Sea,1.6
Mysterious Plateau,Tranquil Plateau,6.2
Incredible Volcano,Relaxing Gorge,1.5
Dazzling Plateau,Adventurous Lake,6.4
Fascinating Canyon,Fascinating Island,3.9
Legendary Peak,Spectacular Island,8.7
Picturesque Jungle,Fascinating Volcano,7.1
Fascinating Rainforest,Dazzling Volcano,7.8
Picturesque Waterfall,Fascinating Glacier,2.7
Majestic Forest,Picturesque Museum,6.7
Dazzling City,Magnificent Waterfall,9.6
Magnificent Meadow,Adventurous Gorge,1.1
Peaceful Forest,Legendary Ocean,6.4
Exotic Lake,Spectacular Glacier,4.6
Relaxing Park,Picturesque Island,6.7
Enchanting Glacier,Unforgettable Island,5.8
Magnificent Desert,Unforgettable Glacier,7.9
Glorious Museum,Fascinating City,5.7
Peaceful Desert,Adventurous Canyon,6.6
Exotic Valley,Exotic Beach,6.6
Mysterious Peak,Tranquil Beach,9.3
Majestic Lake,Dazzling Peak,8.1
Fascinating Jungle,Relaxing Valley,8.7
Captivating Mountain,Mysterious Jungle,4.5
Legendary River,Tranquil Rainforest,8.8
Exotic City,Enchanting Plateau,0.9
Glorious Meadow,Picturesque Mountain,2.9
Relaxing Volcano,Thrilling Sea,5.7
Adventurous Beach,Incredible Park,7.2
Fascinating Canyon,Spectacular Meadow,6.2
Dazzling Beach,Fascinating Island,0.7
Spectacular Mountain,Relaxing Gorge,8.9
Thrilling Canyon,Tranquil Meadow,4.7
Thrilling Desert,Picturesque Lake,0.7
Magnificent Canyon,Glorious City,8.3
Regal Rainforest,Spectacular Jungle,1.3
Stunning Island,Exotic City,5.7
Exotic Canyon,Glorious Island,5.1
Majestic Canyon,Adventurous Jungle,8.8
Glorious Jungle,Magnificent Rainforest,0.4
Sunny Peak,Enchanting River,4.8
Spectacular Ocean,Unforgettable Glacier,3.8
Legendary Ocean,Dazzling Peak,2.5
Tranquil Forest,Relaxing Waterfall,6.2
Serene Waterfall,Tranquil Rainforest,1.8
Picturesque Plateau,Charming Hill,9.6
Dazzling River,Fascinating Forest,5.8
Dazzling City,Thrilling Park,9.5
Legendary Lake,Thrilling Gorge,0.8
Fascinating Gorge,Captivating Rock,8.9
Spectacular Gorge,Peaceful Mountain,2.2
Mysterious City,Adventurous Plateau,6.9
Fascinating Desert,Sunny Island,2.2
Majestic Volcano,Mysterious Park,0.3
Glorious Peak,Glorious River,9.8
Tranquil Mountain,Legendary Beach,3.4
Thrilling Meadow,Stunning Ocean,4.2
Stunning Glacier,Unforgettable Museum,6.6
Radiant Desert,Magnificent Plateau,6.4
Relaxing City,Tranquil Museum,5.3
Dazzling Hill,Glorious Canyon,6.7
Regal Museum,Spectacular Park,4.8
Tranquil Valley,Dazzling Ocean,6.1
Stunning Sea,Picturesque Volcano,6.6
Tranquil Rainforest,Stunning Sea,8.2
Unforgettable Waterfall,Unforgettable Hill,5.2
Regal Plateau,Fascinating Canyon,0.4
Tranquil Island,Serene Valley,1.6
Dazzling Forest,Tranquil Glacier,9.1
Sunny Canyon,Magnificent Peak,9.3
Captivating Ocean,Glorious Sea,6.5
Dazzling Valley,Regal Lake,2.7
Radiant Peak,Radiant Mountain,5.8
Adventurous Rock,Peaceful Forest,1.4
Tranquil Lake,Captivating Volcano,3.8
Stunning Rock,Thrilling Valley,6.6
Glorious Rock,Serene Hill,1.1
Regal Ocean,Peaceful Valley,9.6
Dazzling Desert,Magnificent Desert,5.8
Glorious Jungle,Relaxing Volcano,2.1
Picturesque Meadow,Unforgettable Meadow,2.9
Adventurous Museum,Dazzling Plateau,6.6
Tranquil Sea,Mysterious Gorge,6.9
Magnificent Hill,Majestic Rock,8.4
Sunny Desert,Legendary Meadow,8.7
Spectacular Meadow,Captivating Desert,5.9
Serene Valley,Fascinating Meadow,8.2
Exotic Meadow,Spectacular Lake,6.8
Charming Desert,Mysterious Ocean,6.1
Exotic Canyon,Incredible Waterfall,0.2
Dazzling Hill,Spectacular Meadow,3.6
Adventurous Hill,Stunning Beach,5.2
Regal Valley,Stunning Museum,0.6
Enchanting Mountain,Unforgettable Desert,9.2
Adventurous Glacier,Adventurous Sea,2.8
Captivating Volcano,Exotic Hill,2.2
Tranquil City,Adventurous Desert,2.4
Glorious Island,Regal Peak,2.1
Majestic Desert,Mysterious Hill,5.2
Dazzling Jungle,Incredible Ocean,4.3
Picturesque Gorge,Fascinating Plateau,0.8
Picturesque Canyon,Spectacular Park,4.3
Spectacular Valley,Radiant Lake,7.6
Charming Plateau,Majestic Ocean,4.8
Mysterious Volcano,Charming Jungle,7.5
Spectacular Ocean,Mysterious Rainforest,0.4
Picturesque Rock,Spectacular Hill,8.8
Peaceful Plateau,Mysterious Peak,9.1
Sunny Canyon,Peaceful Waterfall,0.7
Spectacular Plateau,Relaxing Peak,7.6
Dazzling Sea,Unforgettable Lake,5.2
Tranquil Beach,Dazzling Desert,7.9
Stunning Park,Charming Valley,3.1
Adventurous River,Relaxing Volcano,2.6
Picturesque Jungle,Stunning Rock,2.5
Legendary Park,Stunning Forest,9.2
Mysterious Lake,Serene River,8.7
Relaxing Mountain,Tranquil Ocean,6.7
Thrilling Sea,Fascinating Museum,7.9
Captivating Museum,Charming Mountain,6.8
Sunny Island,Spectacular Plateau,4.9
Captivating Island,Unforgettable Gorge,6.1
Peaceful Glacier,Regal Sea,7.3
Sunny Meadow,Stunning Valley,5.3
Unforgettable Museum,Majestic Plateau,2.5
Enchanting Meadow,Enchanting Beach,3.5
Radiant Desert,Magnificent Forest,3.6
Spectacular Desert,Spectacular Ocean,1.3
Majestic Canyon,Picturesque Beach,9.9
Adventurous City,Majestic Island,4.2
Unforgettable Peak,Stunning Island,4.3
Incredible Meadow,Captivating Plateau,1.2
Unforgettable Meadow,Stunning Gorge,1.2
Picturesque Gorge,Legendary Rock,5.9
Peaceful Gorge,Captivating Meadow,3.8
Dazzling Sea,Serene Rock,2.5
Captivating Canyon,Dazzling Museum,6.4
Fascinating Museum,Peaceful Plateau,0.5
Unforgettable Rainforest,Magnificent Sea,4.7
Legendary Mountain,Stunning Jungle,6.3
Dazzling Valley,Magnificent Lake,6.5
Captivating Hill,Exotic Canyon,7.3
Charming Plateau,Mysterious Island,7.4
Dazzling Plateau,Enchanting Canyon,4.7
Relaxing Canyon,Dazzling River,5.2
Peaceful Rainforest,Charming Ocean,6.8
Adventurous Canyon,Legendary Desert,3.9
Peaceful Rock,Spectacular Glacier,1.2
Majestic Waterfall,Fascinating Sea,2.6
Glorious Jungle,Peaceful Park,8.6
Dazzling River,Mysterious Sea,5.4
Fascinating Desert,Magnificent Rainforest,7.8
Unforgettable Ocean,Majestic River,2.5
Dazzling Jungle,Relaxing River,5.3
Glorious Gorge,Mysterious Beach,0.3
Thrilling Mountain,Thrilling River,2.8
Peaceful Rainforest,Radiant River,1.8
Fascinating Island,Regal Jungle,8.8
Legendary Rainforest,Legendary Glacier,9.5
Dazzling Mountain,Radiant Ocean,0.4
Serene Volcano,Majestic Plateau,7.5
Regal Museum,Spectacular Beach,5.6
Incredible Jungle,Enchanting Meadow,1.8
Regal Glacier,Picturesque Rainforest,0.1
Incredible Rock,Dazzling Lake,8.7
Incredible Valley,Exotic Desert,5.6
Thrilling Rock,Charming City,4.9
Sunny Plateau,Glorious Beach,0.5
Incredible Peak,Mysterious Plateau,1.6
Regal Jungle,Spectacular Beach,8.2
Unforgettable Ocean,Enchanting Sea,0.5
Fascinating Sea,Radiant City,7.5
Stunning Lake,Mysterious Forest,3.3
Dazzling Glacier,Captivating Gorge,3.6
Sunny Canyon,Stunning Museum,0.1
Sunny Sea,Spectacular Museum,1.1
Charming Island,Majestic Rainforest,1.4
Spectacular Valley,Adventurous Hill,0.1
Mysterious Jungle,Serene Lake,1.2
Spectacular Rock,Magnificent Sea,8.8
Radiant Canyon,Majestic Island,4.8
Enchanting Beach,Exotic Beach,7.5
Mysterious Peak,Serene Forest,0.1
Stunning Island,Majestic Meadow,8.8
Tranquil Peak,Fascinating Plateau,0.4
Glorious Valley,Legendary Beach,1.5
Legendary Waterfall,Spectacular Desert,4.2
Glorious Rainforest,Thrilling Lake,8.1
Charming Desert,Incredible Waterfall,0.1
Thrilling Volcano,Charming River,2.9
Relaxing Sea,Majestic Rainforest,0.1
Majestic Ocean,Enchanting Sea,7.2
Sunny Ocean,Regal Gorge,9.2
Glorious Plateau,Exotic Gorge,2.1
Enchanting Beach,Thrilling Rainforest,4.4
Mysterious Canyon,Unforgettable City,5.2
Dazzling Canyon,Unforgettable Museum,2.4
Captivating Gorge,Dazzling Island,7.1
Incredible Rainforest,Peaceful Ocean,9.8
Charming Volcano,Peaceful Valley,8.8
Majestic Valley,Adventurous Park,1.4
Charming Museum,Glorious Plateau,9.4
Regal Canyon,Fascinating Museum,2.4
Sunny Park,Dazzling Park,0.8
Sunny Beach,Regal Plateau,5.3
Enchanting Lake,Dazzling Glacier,9.4
Spectacular Desert,Dazzling Rainforest,0.6
Adventurous Mountain,Charming Jungle,2.3
Sunny Peak,Legendary Meadow,6.6
Relaxing Rainforest,Picturesque Museum,3.9
Majestic Meadow,Fascinating Plateau,9.3
Thrilling City,Exotic Sea,6.5
Spectacular Glacier,Majestic Valley,5.8
Dazzling Glacier,Spectacular City,8.9
Stunning Rainforest,Radiant Waterfall,6.5
Dazzling Forest,Spectacular River,6.8
Regal Mountain,Dazzling River,6.1
Dazzling Canyon,Picturesque Valley,5.5
Mysterious Jungle,Legendary Rock,9.8
Majestic Rock,Sunny Jungle,0.6
Peaceful River,Spectacular Mountain,1.1
Stunning Sea,Serene Jungle,4.5
Fascinating Hill,Stunning Beach,6.7
Regal Ocean,Magnificent Gorge,2.9
Captivating Park,Unforgettable Gorge,8.5
Mysterious Meadow,Majestic Island,5.6
Captivating Jungle,Magnificent City,4.2
Spectacular Rock,Regal Desert,3.9
Regal Meadow,Glorious Volcano,9.6
Picturesque Hill,Serene Hill,0.8
Captivating Lake,Radiant Park,3.5
Picturesque Valley,Dazzling Desert,8.7
Thrilling City,Spectacular Park,7.4
Stunning Valley,Relaxing Peak,2.4
Legendary Beach,Charming Desert,3.9
Mysterious Mountain,Magnificent Gorge,4.1
Unforgettable Jungle,Spectacular Jungle,3.1
Tranquil Beach,Serene Peak,2.4
Enchanting Forest,Thrilling Plateau,8.5
Radiant Forest,Magnificent Gorge,7.8
Serene City,Serene Jungle,4.6
Adventurous Island,Legendary Museum,3.8
Radiant Lake,Radiant Beach,8.2
Relaxing Plateau,Legendary Volcano,7.9
Peaceful Beach,Sunny Forest,6.9
Spectacular Sea,Captivating Plateau,9.9
Magnificent Beach,Picturesque Forest,5.3
Charming Plateau,Captivating Jungle,4.5
Serene Park,Incredible Lake,8.2
Tranquil Mountain,Relaxing Mountain,4.9
Mysterious Meadow,Thrilling Rock,4.8
Captivating Rainforest,Mysterious City,2.3
Regal Desert,Charming Desert,7.1
Enchanting Plateau,Serene River,8.2
Dazzling Lake,Regal Beach,1.9
Magnificent Peak,Spectacular Mountain,5.4
Incredible City,Serene Park,4.9
Spectacular Canyon,Mysterious Gorge,0.6
Peaceful River,Majestic Volcano,3.2
Thrilling Forest,Majestic Rock,4.6
Majestic Mountain,Mysterious Meadow,6.8
Legendary Plateau,Peaceful Jungle,4.1
Legendary Rock,Magnificent Ocean,9.7
Glorious Sea,Thrilling Forest,3.4
Stunning Gorge,Tranquil Hill,6.3
Majestic Rock,Magnificent Mountain,2.6
Adventurous City,Sunny Jungle,4.9
Adventurous Valley,Relaxing Mountain,7.7
Serene Park,Regal Gorge,5.5
Serene Museum,Peaceful City,4.1
Radiant Canyon,Sunny City,4.2
Relaxing Island,Unforgettable Meadow,7.8
Thrilling Museum,Spectacular Island,4.9
Incredible Glacier,Adventurous Rock,2.9
Mysterious Rainforest,Legendary Sea,7.9
Radiant Rainforest,Charming Plateau,6.2
Magnificent Canyon,Picturesque Gorge,7.2
Spectacular Peak,Spectacular Mountain,8.2
Fascinating Lake,Peaceful Park,0.4
Dazzling Gorge,Captivating Rock,0.4
Tranquil Sea,Picturesque Rock,3.9
Unforgettable Park,Mysterious Plateau,3.6
Enchanting Meadow,Tranquil River,0.1
Adventurous Valley,Relaxing Gorge,1.7
Fascinating Peak,Exotic Meadow,7.3
Spectacular Volcano,Enchanting Jungle,6.1
Regal Mountain,Majestic Peak,7.2
Glorious Plateau,Magnificent Desert,8.6
Glorious City,Incredible Rock,4.3
Thrilling Canyon,Relaxing Beach,3.2
Incredible Mountain,Relaxing City,7.8
Majestic Valley,Sunny City,2.4
Exotic Museum,Regal Rock,6.7
Fascinating Gorge,Relaxing Rainforest,7.7
Exotic Gorge,Radiant Glacier,9.6
Adventurous Canyon,Legendary Museum,1.8
Incredible Plateau,Charming Beach,1.8
Thrilling Rock,Peaceful Rock,5.1
Tranquil Valley,Thrilling Hill,7.1
Incredible Mountain,Incredible Desert,5.7
Magnificent Sea,Fascinating Forest,2.1
Stunning Hill,Spectacular Ocean,1.6
Radiant Meadow,Adventurous Peak,3.3
Serene Valley,Glorious Island,3.4
Stunning Meadow,Sunny Desert,8.7
Spectacular Valley,Unforgettable Sea,3.8
Exotic Desert,Mysterious Meadow,7.5
Dazzling River,Picturesque Meadow,1.2
Regal Rock,Dazzling Ocean,4.4
Tranquil Meadow,Incredible Jungle,6.7
Radiant Meadow,Mysterious Park,0.2
Exotic Jungle,Radiant Lake,6.9
Sunny Desert,Regal Waterfall,7.3
Legendary Waterfall,Relaxing Valley,3.1
Picturesque Valley,Regal Gorge,7.8
Adventurous Ocean,Magnificent Mountain,9.9
Adventurous Volcano,Peaceful Mountain,9.7
Legendary Peak,Radiant Valley,6.5
Stunning Plateau,Mysterious Plateau,8.3
Fascinating Forest,Adventurous Beach,8.1
Spectacular Island,Legendary Meadow,1.1
Sunny Waterfall,Captivating Jungle,6.9
Tranquil Museum,Adventurous Hill,4.4
Radiant Rock,Charming River,3.3
Peaceful Hill,Thrilling Waterfall,4.9
Regal Park,Captivating Beach,2.3
Adventurous Peak,Radiant Waterfall,6.5
Tranquil Forest,Charming Ocean,3.8
Radiant Valley,Legendary Island,1.9
Captivating Mountain,Spectacular Rainforest,4.9
Dazzling Mountain,Mysterious Meadow,8.2
Regal Glacier,Exotic Lake,6.8
Stunning Mountain,Legendary Peak,6.7
Stunning Valley,Exotic Gorge,4.1
Adventurous Volcano,Regal Gorge,2.3
Glorious Volcano,Radiant Volcano,1.7
Peaceful Desert,Mysterious Peak,5.6
Glorious Museum,Regal Canyon,8.3
Incredible Ocean,Majestic Museum,9.1
Stunning Valley,Exotic Volcano,1.1
Incredible Waterfall,Majestic Volcano,6.1
Regal Hill,Legendary Jungle,8.4
Radiant Park,Dazzling Glacier,2.4
Peaceful Hill,Glorious Museum,6.7
Fascinating Lake,Magnificent Park,4.2
Incredible Forest,Glorious Island,3.5
Unforgettable Beach,Peaceful Museum,5.3
Enchanting Museum,Enchanting Rock,5.9
Peaceful Peak,Exotic Plateau,3.5
Radiant Rock,Picturesque Volcano,4.9
Sunny Meadow,Exotic Glacier,8.9
Tranquil City,Fascinating Hill,4.9
Mysterious Museum,Fascinating Peak,9.1
Spectacular Rock,Legendary Plateau,5.2
Adventurous River,Thrilling City,4.6
Majestic Beach,Regal Waterfall,5.3
Tranquil Beach,Mysterious City,7.3
Exotic Park,Enchanting Waterfall,1.1
Peaceful City,Radiant Peak,8.1
Radiant Mountain,Captivating Gorge,3.4
Unforgettable Rainforest,Serene Lake,7.8
Incredible Island,Fascinating Park,7.7
Legendary Desert,Charming Glacier,2.3
Sunny Park,Exotic Meadow,0.5
Adventurous River,Captivating Plateau,7.3
Sunny Waterfall,Adventurous Museum,1.9
Sunny Valley,Legendary Glacier,0.8
Charming Lake,Unforgettable Meadow,8.9
Picturesque Desert,Magnificent Park,2.6
Radiant Park,Picturesque Mountain,9.9
Charming Canyon,Majestic City,0.1
Radiant Volcano,Thrilling Sea,7.3
Tranquil Sea,Stunning Forest,8.8
Spectacular River,Sunny Park,0.6
Enchanting Desert,Serene Rock,7.1
Radiant Rainforest,Magnificent Peak,7.9
Peaceful Sea,Legendary Jungle,6.1
Enchanting Sea,Fascinating Waterfall,0.2
Legendary Desert,Exotic Waterfall,8.4
Exotic Park,Exotic Sea,5.5
Tranquil Waterfall,Incredible Waterfall,3.6
Adventurous Canyon,Enchanting Peak,0.9
Fascinating Volcano,Unforgettable Gorge,5.7
Charming Beach,Magnificent Jungle,3.3
Legendary Forest,Thrilling Canyon,6.9
Tranquil Ocean,Glorious Island,2.8
Relaxing Rock,Unforgettable Forest,6.7
Relaxing Island,Majestic Park,5.1
Tranquil Rock,Legendary Island,4.3
Thrilling Museum,Mysterious Forest,1.9
Majestic River,Enchanting Valley,3.5
Regal Canyon,Glorious City,2.1
Mysterious Mountain,Mysterious Sea,7.8
Captivating Lake,Unforgettable Mountain,9.3
Radiant Peak,Sunny Glacier,0.1
Exotic Rainforest,Incredible Desert,1.1
Unforgettable Glacier,Relaxing Lake,9.7
Tranquil River,Captivating Rainforest,1.9
Magnificent Rainforest,Magnificent Sea,7.7
Thrilling River,Stunning Waterfall,7.4
Regal Island,Legendary Valley,3.4
Dazzling Hill,Captivating Ocean,3.6
Serene Plateau,Regal Rainforest,1.7
Stunning Hill,Glorious Desert,9.6
Enchanting Jungle,Majestic Park,7.8
Glorious Meadow,Tranquil Lake,8.5
Dazzling Ocean,Relaxing Volcano,4.9
Serene Gorge,Charming Jungle,8.3
Picturesque Lake,Fascinating Peak,8.5
Incredible Lake,Magnificent Canyon,9.7
Tranquil Volcano,Fascinating Gorge,5.2
Dazzling Hill,Radiant Gorge,2.4
Tranquil Island,Exotic Ocean,4.2
Enchanting Lake,Serene Lake,4.7
Enchanting Park,Adventurous Museum,6.7
Majestic Meadow,Radiant Mountain,8.9
Dazzling Park,Sunny Island,0.6
Incredible Glacier,Relaxing Jungle,0.3
Tranquil Desert,Enchanting Lake,0.4
Picturesque Island,Fascinating Waterfall,2.2
Relaxing Hill,Relaxing Island,4.4
Unforgettable Island,Radiant Valley,7.7
Fascinating River,Legendary Rock,7.3
Unforgettable Meadow,Stunning Island,8.3
Incredible River,Regal Rock,0.6
Incredible Jungle,Serene Valley,1.2
Mysterious Meadow,Legendary Volcano,2.2
Charming Canyon,Magnificent Mountain,6.5
Fascinating Plateau,Serene River,1.6
Magnificent Glacier,Adventurous Valley,0.6
Captivating Canyon,Regal Island,7.7
Peaceful Island,Mysterious Valley,2.7
Radiant Sea,Magnificent Forest,6.1
Stunning Volcano,Thrilling Mountain,6.9
Mysterious Volcano,Adventurous City,3.3
Peaceful Forest,Unforgettable Ocean,0.9
Spectacular Lake,Mysterious Gorge,1.7
Stunning River,Thrilling Canyon,7.8
Radiant City,Legendary River,5.1
Magnificent Canyon,Majestic Park,9.6
Exotic Glacier,Captivating Ocean,3.9
Tranquil River,Stunning Museum,2.1
Unforgettable City,Legendary Ocean,8.4
Picturesque Canyon,Adventurous Desert,1.6
Legendary Beach,Spectacular Rainforest,3.2
Legendary Island,Serene Volcano,0.2
Regal Gorge,Stunning Island,6.9
Peaceful Waterfall,Charming Canyon,9.3
Magnificent Lake,Thrilling Peak,3.7
Regal Jungle,Relaxing Hill,0.8
Picturesque Rock,Enchanting Beach,5.8
Regal Lake,Unforgettable Jungle,4.2
Captivating Plateau,Relaxing Museum,3.3
Stunning Peak,Exotic Sea,6.8
Picturesque Ocean,Relaxing Beach,1.2
Tranquil Meadow,Dazzling Museum,1.1
Dazzling Forest,Dazzling Peak,4.2
Spectacular Volcano,Charming Plateau,3.8
Serene Forest,Spectacular Park,8.1
Peaceful Beach,Spectacular Museum,8.2
Adventurous Waterfall,Captivating Forest,2.9
Regal Glacier,Charming Mountain,3.1
Peaceful City,Picturesque City,5.9
Legendary Rock,Mysterious Hill,7.2
Stunning Park,Fascinating Park,6.2
Magnificent Museum,Unforgettable Desert,3.1
Sunny Beach,Majestic Waterfall,9.6
Mysterious Glacier,Picturesque Beach,9.8
Spectacular Jungle,Charming Plateau,8.3
Magnificent Forest,Spectacular Ocean,6.7
Radiant Canyon,Dazzling Sea,4.8
Peaceful River,Majestic Mountain,5.4
Magnificent Island,Spectacular Island,7.1
Captivating Valley,Dazzling Rainforest,9.7
Charming Mountain,Regal Mountain,5.9
Incredible Volcano,Unforgettable Peak,6.6
Incredible Museum,Thrilling Glacier,2.9
Magnificent Mountain,Peaceful Mountain,1.9
Regal Hill,Captivating Rock,8.3
Dazzling Hill,Magnificent Museum,7.5
Regal Rainforest,Charming Glacier,3.8
Regal Hill,Majestic Ocean,5.6
Enchanting Lake,Magnificent Ocean,8.1
Fascinating City,Exotic Lake,3.6
Glorious Ocean,Thrilling Sea,5.6
Picturesque Museum,Charming Ocean,3.5
Thrilling Waterfall,Dazzling Ocean,5.6
Spectacular Lake,Radiant Waterfall,1.9
Spectacular Gorge,Serene Meadow,9.3
Legendary Rainforest,Radiant Waterfall,6.3
Exotic Canyon,Captivating Volcano,8.1
Stunning Canyon,Incredible Forest,3.5
Spectacular River,Peaceful Rock,0.9
Serene Canyon,Incredible Plateau,3.8
Sunny Island,Picturesque Lake,5.6
Radiant Forest,Glorious Volcano,3.5
Majestic Island,Fascinating Rock,5.2
Sunny Waterfall,Radiant River,9.9
Stunning Valley,Exotic Beach,6.8
Regal Island,Legendary Volcano,0.5
Adventurous Beach,Fascinating Waterfall,6.4
Thrilling Ocean,Regal Peak,9.3
Captivating River,Serene Hill,2.9
Regal Canyon,Fascinating Desert,0.1
Radiant Jungle,Legendary Desert,8.3
Unforgettable Meadow,Radiant Glacier,0.4
Serene Hill,Enchanting Forest,3.4
Glorious Waterfall,Mysterious Rock,7.4
Relaxing Gorge,Dazzling Park,5.9
Adventurous Park,Incredible Meadow,8.6
Picturesque Beach,Enchanting Rainforest,6.8
Tranquil Waterfall,Picturesque Volcano,3.4
Captivating Rainforest,Majestic Plateau,5.4
Charming Volcano,Radiant Mountain,5.1
Serene Volcano,Mysterious Mountain,9.8
Spectacular City,Spectacular Jungle,4.9
Exotic Gorge,Dazzling Mountain,3.4
Regal River,Peaceful Rock,1.9
Unforgettable Glacier,Tranquil Peak,8.1
Unforgettable Peak,Dazzling Rainforest,6.8
Glorious Canyon,Glorious Beach,3.5
Radiant Desert,Spectacular Hill,2.8
Peaceful Beach,Mysterious Rock,9.1
Thrilling Peak,Exotic Peak,2.4
Unforgettable Plateau,Picturesque Waterfall,4.4
Sunny River,Sunny Valley,2.5
Relaxing Plateau,Sunny Museum,3.6
Peaceful Museum,Majestic Beach,8.3
Glorious Gorge,Magnificent Lake,0.4
Dazzling Meadow,Serene Valley,0.9
Mysterious Meadow,Radiant Meadow,3.8
Sunny Park,Spectacular Desert,9.5
Radiant Valley,Picturesque Park,2.3
Incredible Beach,Mysterious Park,0.1
Charming Gorge,Glorious Desert,6.2
Sunny Gorge,Tranquil Glacier,6.7
Mysterious Rock,Relaxing Peak,9.3
Tranquil Jungle,Tranquil Canyon,5.1
Glorious Meadow,Regal Plateau,4.9
Magnificent Volcano,Adventurous Plateau,7.6
Peaceful Museum,Glorious City,1.8
Serene Gorge,Tranquil Meadow,0.5
Radiant Jungle,Unforgettable Rock,1.1
Radiant Valley,Incredible Park,0.2
Picturesque Desert,Spectacular Museum,0.5
Sunny Canyon,Dazzling Gorge,6.8
Legendary Museum,Tranquil Hill,7.3
Spectacular Desert,Tranquil Park,2.7
Adventurous Jungle,Charming Mountain,8.4
Serene Gorge,Tranquil Rock,1.2
Serene Plateau,Peaceful Gorge,9.8
Legendary Gorge,Fascinating Ocean,8.1
Stunning Desert,Peaceful Beach,3.3
Legendary River,Sunny Valley,4.8
Spectacular Waterfall,Magnificent Museum,9.5
Regal Museum,Relaxing Ocean,4.4
Peaceful Mountain,Mysterious Plateau,0.7
Magnificent City,Unforgettable Plateau,0.3
Incredible Meadow,Exotic Desert,7.5
Captivating Island,Legendary Meadow,1.6
Fascinating Sea,Regal Beach,4.7
Spectacular Island,Thrilling Museum,1.4
Legendary Meadow,Spectacular Mountain,7.3
Peaceful Rainforest,Enchanting Glacier,3.2
Serene Plateau,Spectacular Mountain,8.9
Captivating Valley,Picturesque Volcano,2.8
Regal Desert,Enchanting Museum,1.9
Peaceful City,Spectacular Lake,9.5
Picturesque Meadow,Radiant Plateau,6.2
Enchanting Meadow,Dazzling Museum,1.8
Majestic Hill,Thrilling Plateau,6.2
Tranquil Museum,Unforgettable Jungle,7.1
Mysterious Waterfall,Legendary Rainforest,7.8
Captivating Lake,Enchanting Island,2.1
Thrilling Lake,Legendary Glacier,8.2
Serene Jungle,Charming Park,3.7
Relaxing Sea,Peaceful Museum,3.8
Charming Waterfall,Sunny Jungle,9.4
Legendary Sea,Legendary River,8.7
Relaxing Gorge,Thrilling Rock,0.3
Legendary Jungle,Picturesque Lake,4.5
Unforgettable Hill,Dazzling City,5.3
Mysterious Rainforest,Spectacular Desert,1.5
Captivating Waterfall,Glorious Waterfall,9.9
Unforgettable Glacier,Adventurous Waterfall,1.4
Magnificent Peak,Enchanting Forest,6.9
Exotic City,Serene Park,2.9
Adventurous Peak,Mysterious Canyon,5.6
Fascinating Jungle,Majestic Peak,4.3
Tranquil Desert,Adventurous Ocean,4.2
Mysterious Museum,Relaxing Peak,0.4
Incredible Gorge,Captivating Forest,5.8
Picturesque Meadow,Mysterious Desert,0.7
Glorious Lake,Incredible Beach,4.4
Peaceful Glacier,Thrilling Forest,4.2
Legendary Island,Relaxing Hill,0.3
Peaceful Rainforest,Radiant Gorge,1.1
Tranquil Hill,Regal Island,6.9
Adventurous Glacier,Sunny Peak,6.8
Fascinating Museum,Exotic Sea,4.1
Enchanting Canyon,Picturesque Meadow,9.2
Majestic Waterfall,Enchanting Rock,1.7
Spectacular Rock,Spectacular Glacier,8.9
Adventurous Valley,Magnificent City,2.5
Sunny Beach,Relaxing Plateau,5.2
Regal Waterfall,Regal Mountain,6.5
Enchanting Waterfall,Radiant Lake,4.9
Serene Volcano,Unforgettable Peak,8.7
Thrilling City,Sunny Forest,5.6
Mysterious Meadow,Fascinating Sea,2.2
Glorious Rainforest,Stunning Plateau,5.8
Legendary Hill,Dazzling Forest,4.3
Captivating Plateau,Adventurous Sea,6.9
Exotic Forest,Mysterious Canyon,3.2
Enchanting Jungle,Dazzling Island,8.4
Majestic Canyon,Unforgettable Sea,1.8
Spectacular Lake,Unforgettable Canyon,0.6
Magnificent Desert,Charming Volcano,1.1
Incredible Ocean,Thrilling Forest,2.4
Magnificent Canyon,Sunny City,8.3
Serene Island,Adventurous Peak,1.1
Regal River,Picturesque River,4.9
Mysterious Glacier,Spectacular Forest,9.4
Tranquil Lake,Regal Meadow,9.7
Radiant Beach,Mysterious Museum,7.4
Enchanting Museum,Fascinating Volcano,0.4
Sunny City,Regal Mountain,4.4
Picturesque Jungle,Stunning Jungle,7.6
Exotic Sea,Radiant Canyon,7.6
Picturesque Gorge,Picturesque Lake,6.2
Unforgettable Sea,Stunning Rock,5.8
Sunny Canyon,Unforgettable River,9.8
Stunning Mountain,Magnificent Waterfall,1.8
Mysterious Forest,Charming River,6.9
Radiant Ocean,Exotic Forest,2.5
Regal Park,Enchanting Peak,8.9
Mysterious Waterfall,Regal Desert,4.7
Legendary Forest,Mysterious Canyon,2.7
Tranquil Mountain,Regal Ocean,1.4
Peaceful Meadow,Sunny Museum,5.6
Charming Gorge,Dazzling Park,3.4
Magnificent Mountain,Picturesque Forest,3.6
Stunning Forest,Enchanting River,4.5
Unforgettable Gorge,Exotic City,0.8
Unforgettable Sea,Picturesque Rock,3.2
Glorious Desert,Enchanting Island,3.5
Unforgettable Canyon,Picturesque Desert,5.2
Peaceful Rock,Serene Island,1.1
Fascinating Ocean,Exotic Desert,0.5
Majestic Hill,Majestic River,2.8
Glorious Hill,Incredible Meadow,3.8
Serene Rainforest,Unforgettable Meadow,6.6
Stunning Beach,Enchanting Gorge,2.2
Mysterious Canyon,Tranquil Jungle,4.4
Enchanting Island,Legendary Rainforest,0.8
Glorious Lake,Stunning Beach,3.3
Glorious Ocean,Serene Lake,4.1
Tranquil Park,Enchanting Peak,6.4
Serene Rainforest,Captivating Island,9.9
Adventurous Beach,Charming Desert,7.1
Spectacular Ocean,Legendary Forest,5.7
Thrilling Jungle,Spectacular Lake,6.8
Thrilling Rainforest,Thrilling Desert,1.8
Magnificent Lake,Charming Forest,7.7
Tranquil Sea,Tranquil Lake,1.3
Dazzling Mountain,Charming Sea,9.1
Fascinating Park,Charming Rainforest,5.4
Unforgettable Plateau,Spectacular Glacier,8.5
Incredible Waterfall,Fascinating City,3.7
Magnificent Hill,Fascinating Forest,4.2
Charming Peak,Captivating Desert,6.6
Sunny Canyon,Serene Rock,9.8
Sunny City,Mysterious Volcano,3.4
Relaxing Jungle,Exotic Beach,0.2
Majestic Glacier,Incredible Gorge,5.3
Fascinating City,Enchanting Museum,5.4
Thrilling Ocean,Enchanting Island,0.6
Relaxing Plateau,Majestic Rainforest,1.2
Spectacular Plateau,Incredible Plateau,0.6
Stunning Lake,Fascinating Lake,7.2
Fascinating City,Magnificent Valley,7.1
Serene Island,Thrilling Mountain,6.7
Fascinating Gorge,Enchanting Desert,6.5
Picturesque Lake,Magnificent Park,5.2
Picturesque Jungle,Exotic Waterfall,2.1
Mysterious Meadow,Mysterious Mountain,0.8
Regal Glacier,Charming Desert,2.9
Peaceful Mountain,Adventurous Museum,1.8
Regal Gorge,Radiant Volcano,2.8
Relaxing Meadow,Legendary Lake,9.1
Legendary Rainforest,Legendary River,7.8
Tranquil Desert,Dazzling River,1.3
Sunny Park,Enchanting Meadow,9.6
Thrilling Canyon,Stunning Hill,3.6
Spectacular Peak,Fascinating Sea,9.3
Mysterious Rainforest,Magnificent Rock,3.7
Legendary Volcano,Spectacular Volcano,8.2
Sunny Lake,Sunny Forest,3.2
Magnificent Rock,Sunny Park,1.7
Charming Gorge,Stunning Park,0.4
Charming Desert,Sunny Sea,7.7
Picturesque Lake,Stunning Rainforest,4.1
Legendary Museum,Serene Lake,2.1
Radiant Peak,Picturesque Jungle,1.6
Peaceful Mountain,Spectacular Jungle,0.2
Glorious Hill,Enchanting Valley,4.5
Spectacular Desert,Mysterious Volcano,8.9
Unforgettable Rainforest,Charming Mountain,8.2
Spectacular Park,Adventurous Gorge,4.2
Regal Park,Thrilling Hill,1.3
Peaceful Ocean,Captivating Mountain,3.3
Glorious Rainforest,Glorious Hill,5.9
Stunning Glacier,Relaxing Ocean,7.5
Serene Glacier,Majestic Mountain,4.3
Glorious Forest,Charming Forest,9.9
Radiant Glacier,Glorious Peak,8.7
Serene Sea,Regal Island,3.9
Captivating Island,Spectacular Volcano,9.3
Incredible River,Charming Waterfall,5.3
Picturesque Glacier,Glorious Peak,3.3
Exotic Rainforest,Legendary River,5.7
Charming Volcano,Exotic Rock,2.6
Tranquil Plateau,Thrilling Valley,2.9
Magnificent Museum,Sunny Volcano,2.3
Enchanting Sea,Incredible River,1.2
Magnificent Beach,Peaceful Rock,7.8
Picturesque Peak,Exotic Museum,3.2
Legendary Forest,Captivating Volcano,3.6
Stunning Plateau,Majestic Rock,2.7
Serene Forest,Thrilling Lake,1.1
Unforgettable Lake,Enchanting Museum,6.8
Majestic Park,Tranquil Island,0.9
Charming Meadow,Unforgettable Lake,0.5
Captivating River,Adventurous Jungle,6.7
Peaceful Rainforest,Magnificent Rainforest,2.2
Thrilling Plateau,Thrilling Forest,3.2
Charming Rainforest,Thrilling Island,2.8
Fascinating City,Dazzling Forest,6.5
Unforgettable Forest,Unforgettable Park,6.2
Legendary Beach,Glorious Mountain,9.3
Magnificent Gorge,Captivating Meadow,8.1
Dazzling Desert,Unforgettable Rock,7.7
Charming Forest,Incredible Hill,2.1
Mysterious Desert,Radiant Sea,6.8
Legendary Sea,Fascinating Jungle,9.4
Radiant City,Serene Waterfall,9.8
Spectacular Mountain,Enchanting Waterfall,2.9
Glorious Desert,Regal Forest,0.4
Incredible Volcano,Tranquil Rainforest,2.9
Magnificent Beach,Mysterious Canyon,5.9
Enchanting Volcano,Serene Waterfall,1.6
Captivating Valley,Magnificent Volcano,0.7
Glorious Meadow,Mysterious Ocean,5.9
Thrilling Mountain,Unforgettable Sea,7.2
Tranquil Plateau,Legendary Ocean,3.8
Radiant Peak,Sunny Ocean,6.3
Charming Valley,Majestic Sea,7.8
Glorious Rainforest,Magnificent River,0.6
Sunny Museum,Adventurous Forest,6.2
Fascinating Forest,Majestic Mountain,2.8
Tranquil Park,Picturesque Sea,6.7
Majestic Waterfall,Charming Island,1.9
Serene Gorge,Glorious Valley,8.1
Legendary Beach,Thrilling Valley,8.9
Picturesque Gorge,Exotic Sea,6.1
Majestic Desert,Thrilling Ocean,6.6
Incredible Beach,Glorious Desert,3.3
Unforgettable Rainforest,Tranquil City,8.2
Incredible Glacier,Mysterious Sea,3.1
